{
	"ImportPath": "k8s.io/contrib/service-loadbalancer",
	"GoVersion": "go1.5",
	"Packages": [
		"./..."
	],
	"Deps": [
		{
			"ImportPath": "bitbucket.org/ww/goautoneg",
			"Comment": "null-5",
			"Rev": "'75cd24fc2f2c2a2088577d12123ddee5f54e0675'"
		},
		{
			"ImportPath": "github.com/beorn7/perks/quantile",
			"Rev": "b965b613227fddccbfffe13eae360ed3fa822f8d"
		},
		{
			"ImportPath": "github.com/blang/semver",
			"Comment": "v3.0.1",
			"Rev": "31b736133b98f26d5e078ec9eb591666edfd091f"
		},
		{
			"ImportPath": "github.com/cpuguy83/go-md2man/md2man",
			"Comment": "v1.0.4",
			"Rev": "71acacd42f85e5e82f70a55327789582a5200a90"
		},
		{
			"ImportPath": "github.com/davecgh/go-spew/spew",
			"Rev": "3e6e67c4dcea3ac2f25fd4731abc0e1deaf36216"
		},
		{
			"ImportPath": "github.com/docker/docker/pkg/mount",
			"Comment": "v1.4.1-4831-g0f5c9d3",
			"Rev": "0f5c9d301b9b1cca66b3ea0f9dec3b5317d3686d"
		},
		{
			"ImportPath": "github.com/docker/docker/pkg/parsers",
			"Comment": "v1.4.1-4831-g0f5c9d3",
			"Rev": "0f5c9d301b9b1cca66b3ea0f9dec3b5317d3686d"
		},
		{
			"ImportPath": "github.com/docker/go-units",
			"Comment": "v0.1.0-21-g0bbddae",
			"Rev": "0bbddae09c5a5419a8c6dcdd7ff90da3d450393b"
		},
		{
			"ImportPath": "github.com/emicklei/go-restful",
			"Comment": "v1.2",
			"Rev": "777bb3f19bcafe2575ffb2a3e46af92509ae9594"
		},
		{
			"ImportPath": "github.com/emicklei/go-restful/log",
			"Comment": "v1.2",
			"Rev": "777bb3f19bcafe2575ffb2a3e46af92509ae9594"
		},
		{
			"ImportPath": "github.com/emicklei/go-restful/swagger",
			"Comment": "v1.2",
			"Rev": "777bb3f19bcafe2575ffb2a3e46af92509ae9594"
		},
		{
			"ImportPath": "github.com/evanphx/json-patch",
			"Rev": "7dd4489c2eb6073e5a9d7746c3274c5b5f0387df"
		},
		{
			"ImportPath": "github.com/fsouza/go-dockerclient",
			"Rev": "0099401a7342ad77e71ca9f9a57c5e72fb80f6b2"
		},
		{
			"ImportPath": "github.com/fsouza/go-dockerclient/external/github.com/Sirupsen/logrus",
			"Rev": "0099401a7342ad77e71ca9f9a57c5e72fb80f6b2"
		},
		{
			"ImportPath": "github.com/fsouza/go-dockerclient/external/github.com/docker/docker/opts",
			"Rev": "0099401a7342ad77e71ca9f9a57c5e72fb80f6b2"
		},
		{
			"ImportPath": "github.com/fsouza/go-dockerclient/external/github.com/docker/docker/pkg/archive",
			"Rev": "0099401a7342ad77e71ca9f9a57c5e72fb80f6b2"
		},
		{
			"ImportPath": "github.com/fsouza/go-dockerclient/external/github.com/docker/docker/pkg/fileutils",
			"Rev": "0099401a7342ad77e71ca9f9a57c5e72fb80f6b2"
		},
		{
			"ImportPath": "github.com/fsouza/go-dockerclient/external/github.com/docker/docker/pkg/homedir",
			"Rev": "0099401a7342ad77e71ca9f9a57c5e72fb80f6b2"
		},
		{
			"ImportPath": "github.com/fsouza/go-dockerclient/external/github.com/docker/docker/pkg/idtools",
			"Rev": "0099401a7342ad77e71ca9f9a57c5e72fb80f6b2"
		},
		{
			"ImportPath": "github.com/fsouza/go-dockerclient/external/github.com/docker/docker/pkg/ioutils",
			"Rev": "0099401a7342ad77e71ca9f9a57c5e72fb80f6b2"
		},
		{
			"ImportPath": "github.com/fsouza/go-dockerclient/external/github.com/docker/docker/pkg/longpath",
			"Rev": "0099401a7342ad77e71ca9f9a57c5e72fb80f6b2"
		},
		{
			"ImportPath": "github.com/fsouza/go-dockerclient/external/github.com/docker/docker/pkg/pools",
			"Rev": "0099401a7342ad77e71ca9f9a57c5e72fb80f6b2"
		},
		{
			"ImportPath": "github.com/fsouza/go-dockerclient/external/github.com/docker/docker/pkg/promise",
			"Rev": "0099401a7342ad77e71ca9f9a57c5e72fb80f6b2"
		},
		{
			"ImportPath": "github.com/fsouza/go-dockerclient/external/github.com/docker/docker/pkg/stdcopy",
			"Rev": "0099401a7342ad77e71ca9f9a57c5e72fb80f6b2"
		},
		{
			"ImportPath": "github.com/fsouza/go-dockerclient/external/github.com/docker/docker/pkg/system",
			"Rev": "0099401a7342ad77e71ca9f9a57c5e72fb80f6b2"
		},
		{
			"ImportPath": "github.com/fsouza/go-dockerclient/external/github.com/docker/go-units",
			"Rev": "0099401a7342ad77e71ca9f9a57c5e72fb80f6b2"
		},
		{
			"ImportPath": "github.com/fsouza/go-dockerclient/external/github.com/hashicorp/go-cleanhttp",
			"Rev": "0099401a7342ad77e71ca9f9a57c5e72fb80f6b2"
		},
		{
			"ImportPath": "github.com/fsouza/go-dockerclient/external/github.com/opencontainers/runc/libcontainer/user",
			"Rev": "0099401a7342ad77e71ca9f9a57c5e72fb80f6b2"
		},
		{
			"ImportPath": "github.com/fsouza/go-dockerclient/external/golang.org/x/net/context",
			"Rev": "0099401a7342ad77e71ca9f9a57c5e72fb80f6b2"
		},
		{
			"ImportPath": "github.com/fsouza/go-dockerclient/external/golang.org/x/sys/unix",
			"Rev": "0099401a7342ad77e71ca9f9a57c5e72fb80f6b2"
		},
		{
			"ImportPath": "github.com/ghodss/yaml",
			"Rev": "73d445a93680fa1a78ae23a5839bad48f32ba1ee"
		},
		{
			"ImportPath": "github.com/golang/glog",
			"Rev": "44145f04b68cf362d9c4df2182967c2275eaefed"
		},
		{
			"ImportPath": "github.com/golang/protobuf/proto",
			"Rev": "b982704f8bb716bb608144408cff30e15fbde841"
		},
		{
			"ImportPath": "github.com/google/cadvisor/info/v1",
			"Comment": "v0.21.1",
			"Rev": "49a08d5139ae0111757a110ea3b55fe9a607873d"
		},
		{
			"ImportPath": "github.com/google/gofuzz",
			"Rev": "bbcb9da2d746f8bdbd6a936686a0a6067ada0ec5"
		},
		{
			"ImportPath": "github.com/imdario/mergo",
			"Comment": "0.1.3-8-g6633656",
			"Rev": "6633656539c1639d9d78127b7d47c622b5d7b6dc"
		},
		{
			"ImportPath": "github.com/inconshreveable/mousetrap",
			"Rev": "76626ae9c91c4f2a10f34cad8ce83ea42c93bb75"
		},
		{
			"ImportPath": "github.com/juju/ratelimit",
			"Rev": "77ed1c8a01217656d2080ad51981f6e99adaa177"
		},
		{
			"ImportPath": "github.com/matttproud/golang_protobuf_extensions/pbutil",
			"Rev": "fc2b8d3a73c4867e51861bbdd5ae3c1f0869dd6a"
		},
		{
			"ImportPath": "github.com/opencontainers/runc/libcontainer/cgroups",
			"Comment": "v0.0.7",
			"Rev": "7ca2aa4873aea7cb4265b1726acb24b90d8726c6"
		},
		{
			"ImportPath": "github.com/opencontainers/runc/libcontainer/cgroups/fs",
			"Comment": "v0.0.7",
			"Rev": "7ca2aa4873aea7cb4265b1726acb24b90d8726c6"
		},
		{
			"ImportPath": "github.com/opencontainers/runc/libcontainer/configs",
			"Comment": "v0.0.7",
			"Rev": "7ca2aa4873aea7cb4265b1726acb24b90d8726c6"
		},
		{
			"ImportPath": "github.com/opencontainers/runc/libcontainer/system",
			"Comment": "v0.0.7",
			"Rev": "7ca2aa4873aea7cb4265b1726acb24b90d8726c6"
		},
		{
			"ImportPath": "github.com/pborman/uuid",
			"Rev": "ca53cad383cad2479bbba7f7a1a05797ec1386e4"
		},
		{
			"ImportPath": "github.com/prometheus/client_golang/prometheus",
			"Comment": "0.7.0-39-g3b78d7a",
			"Rev": "3b78d7a77f51ccbc364d4bc170920153022cfd08"
		},
		{
			"ImportPath": "github.com/prometheus/client_model/go",
			"Comment": "model-0.0.2-12-gfa8ad6f",
			"Rev": "fa8ad6fec33561be4280a8f0514318c79d7f6cb6"
		},
		{
			"ImportPath": "github.com/prometheus/common/expfmt",
			"Rev": "ef7a9a5fb138aa5d3a19988537606226869a0390"
		},
		{
			"ImportPath": "github.com/prometheus/common/model",
			"Rev": "ef7a9a5fb138aa5d3a19988537606226869a0390"
		},
		{
			"ImportPath": "github.com/prometheus/procfs",
			"Rev": "490cc6eb5fa45bf8a8b7b73c8bc82a8160e8531d"
		},
		{
			"ImportPath": "github.com/russross/blackfriday",
			"Comment": "v1.2-42-g77efab5",
			"Rev": "77efab57b2f74dd3f9051c79752b2e8995c8b789"
		},
		{
			"ImportPath": "github.com/shurcooL/sanitized_anchor_name",
			"Rev": "9a8b7d4e8f347bfa230879db9d7d4e4d9e19f962"
		},
		{
			"ImportPath": "github.com/spf13/cobra",
			"Rev": "1c44ec8d3f1552cac48999f9306da23c4d8a288b"
		},
		{
			"ImportPath": "github.com/spf13/pflag",
			"Rev": "08b1a584251b5b62f458943640fc8ebd4d50aaa5"
		},
		{
			"ImportPath": "github.com/ugorji/go/codec",
			"Rev": "f4485b318aadd133842532f841dc205a8e339d74"
		},
		{
			"ImportPath": "github.com/ziutek/syslog",
			"Rev": "0e395dffb67b1423a648cba4031fc13b4d866b6b"
		},
		{
			"ImportPath": "golang.org/x/net/context",
			"Rev": "c2528b2dd8352441850638a8bb678c2ad056fd3e"
		},
		{
			"ImportPath": "gopkg.in/yaml.v2",
			"Rev": "d466437aa4adc35830964cffc5b5f262c63ddcb4"
		},
		{
			"ImportPath": "k8s.io/kubernetes/pkg/api",
			"Comment": "v1.2.0-alpha.8-142-g699c80b",
			"Rev": "699c80b75226e6adae67573569c386a62a578bae"
		},
		{
			"ImportPath": "k8s.io/kubernetes/pkg/api/errors",
			"Comment": "v1.2.0-alpha.8-142-g699c80b",
			"Rev": "699c80b75226e6adae67573569c386a62a578bae"
		},
		{
			"ImportPath": "k8s.io/kubernetes/pkg/api/install",
			"Comment": "v1.2.0-alpha.8-142-g699c80b",
			"Rev": "699c80b75226e6adae67573569c386a62a578bae"
		},
		{
			"ImportPath": "k8s.io/kubernetes/pkg/api/meta",
			"Comment": "v1.2.0-alpha.8-142-g699c80b",
			"Rev": "699c80b75226e6adae67573569c386a62a578bae"
		},
		{
			"ImportPath": "k8s.io/kubernetes/pkg/api/resource",
			"Comment": "v1.2.0-alpha.8-142-g699c80b",
			"Rev": "699c80b75226e6adae67573569c386a62a578bae"
		},
		{
			"ImportPath": "k8s.io/kubernetes/pkg/api/unversioned",
			"Comment": "v1.2.0-alpha.8-142-g699c80b",
			"Rev": "699c80b75226e6adae67573569c386a62a578bae"
		},
		{
			"ImportPath": "k8s.io/kubernetes/pkg/api/util",
			"Comment": "v1.2.0-alpha.8-142-g699c80b",
			"Rev": "699c80b75226e6adae67573569c386a62a578bae"
		},
		{
			"ImportPath": "k8s.io/kubernetes/pkg/api/v1",
			"Comment": "v1.2.0-alpha.8-142-g699c80b",
			"Rev": "699c80b75226e6adae67573569c386a62a578bae"
		},
		{
			"ImportPath": "k8s.io/kubernetes/pkg/api/validation",
			"Comment": "v1.2.0-alpha.8-142-g699c80b",
			"Rev": "699c80b75226e6adae67573569c386a62a578bae"
		},
		{
			"ImportPath": "k8s.io/kubernetes/pkg/apimachinery",
			"Comment": "v1.2.0-alpha.8-142-g699c80b",
			"Rev": "699c80b75226e6adae67573569c386a62a578bae"
		},
		{
			"ImportPath": "k8s.io/kubernetes/pkg/apimachinery/registered",
			"Comment": "v1.2.0-alpha.8-142-g699c80b",
			"Rev": "699c80b75226e6adae67573569c386a62a578bae"
		},
		{
			"ImportPath": "k8s.io/kubernetes/pkg/apis/authorization",
			"Comment": "v1.2.0-alpha.8-142-g699c80b",
			"Rev": "699c80b75226e6adae67573569c386a62a578bae"
		},
		{
			"ImportPath": "k8s.io/kubernetes/pkg/apis/authorization/install",
			"Comment": "v1.2.0-alpha.8-142-g699c80b",
			"Rev": "699c80b75226e6adae67573569c386a62a578bae"
		},
		{
			"ImportPath": "k8s.io/kubernetes/pkg/apis/authorization/v1beta1",
			"Comment": "v1.2.0-alpha.8-142-g699c80b",
			"Rev": "699c80b75226e6adae67573569c386a62a578bae"
		},
		{
			"ImportPath": "k8s.io/kubernetes/pkg/apis/autoscaling",
			"Comment": "v1.2.0-alpha.8-142-g699c80b",
			"Rev": "699c80b75226e6adae67573569c386a62a578bae"
		},
		{
			"ImportPath": "k8s.io/kubernetes/pkg/apis/autoscaling/install",
			"Comment": "v1.2.0-alpha.8-142-g699c80b",
			"Rev": "699c80b75226e6adae67573569c386a62a578bae"
		},
		{
			"ImportPath": "k8s.io/kubernetes/pkg/apis/autoscaling/v1",
			"Comment": "v1.2.0-alpha.8-142-g699c80b",
			"Rev": "699c80b75226e6adae67573569c386a62a578bae"
		},
		{
			"ImportPath": "k8s.io/kubernetes/pkg/apis/batch",
			"Comment": "v1.2.0-alpha.8-142-g699c80b",
			"Rev": "699c80b75226e6adae67573569c386a62a578bae"
		},
		{
			"ImportPath": "k8s.io/kubernetes/pkg/apis/batch/install",
			"Comment": "v1.2.0-alpha.8-142-g699c80b",
			"Rev": "699c80b75226e6adae67573569c386a62a578bae"
		},
		{
			"ImportPath": "k8s.io/kubernetes/pkg/apis/batch/v1",
			"Comment": "v1.2.0-alpha.8-142-g699c80b",
			"Rev": "699c80b75226e6adae67573569c386a62a578bae"
		},
		{
			"ImportPath": "k8s.io/kubernetes/pkg/apis/componentconfig",
			"Comment": "v1.2.0-alpha.8-142-g699c80b",
			"Rev": "699c80b75226e6adae67573569c386a62a578bae"
		},
		{
			"ImportPath": "k8s.io/kubernetes/pkg/apis/componentconfig/install",
			"Comment": "v1.2.0-alpha.8-142-g699c80b",
			"Rev": "699c80b75226e6adae67573569c386a62a578bae"
		},
		{
			"ImportPath": "k8s.io/kubernetes/pkg/apis/componentconfig/v1alpha1",
			"Comment": "v1.2.0-alpha.8-142-g699c80b",
			"Rev": "699c80b75226e6adae67573569c386a62a578bae"
		},
		{
			"ImportPath": "k8s.io/kubernetes/pkg/apis/extensions",
			"Comment": "v1.2.0-alpha.8-142-g699c80b",
			"Rev": "699c80b75226e6adae67573569c386a62a578bae"
		},
		{
			"ImportPath": "k8s.io/kubernetes/pkg/apis/extensions/install",
			"Comment": "v1.2.0-alpha.8-142-g699c80b",
			"Rev": "699c80b75226e6adae67573569c386a62a578bae"
		},
		{
			"ImportPath": "k8s.io/kubernetes/pkg/apis/extensions/v1beta1",
			"Comment": "v1.2.0-alpha.8-142-g699c80b",
			"Rev": "699c80b75226e6adae67573569c386a62a578bae"
		},
		{
			"ImportPath": "k8s.io/kubernetes/pkg/apis/metrics",
			"Comment": "v1.2.0-alpha.8-142-g699c80b",
			"Rev": "699c80b75226e6adae67573569c386a62a578bae"
		},
		{
			"ImportPath": "k8s.io/kubernetes/pkg/apis/metrics/install",
			"Comment": "v1.2.0-alpha.8-142-g699c80b",
			"Rev": "699c80b75226e6adae67573569c386a62a578bae"
		},
		{
			"ImportPath": "k8s.io/kubernetes/pkg/apis/metrics/v1alpha1",
			"Comment": "v1.2.0-alpha.8-142-g699c80b",
			"Rev": "699c80b75226e6adae67573569c386a62a578bae"
		},
		{
			"ImportPath": "k8s.io/kubernetes/pkg/auth/user",
			"Comment": "v1.2.0-alpha.8-142-g699c80b",
			"Rev": "699c80b75226e6adae67573569c386a62a578bae"
		},
		{
			"ImportPath": "k8s.io/kubernetes/pkg/capabilities",
			"Comment": "v1.2.0-alpha.8-142-g699c80b",
			"Rev": "699c80b75226e6adae67573569c386a62a578bae"
		},
		{
			"ImportPath": "k8s.io/kubernetes/pkg/client/cache",
			"Comment": "v1.2.0-alpha.8-142-g699c80b",
			"Rev": "699c80b75226e6adae67573569c386a62a578bae"
		},
		{
			"ImportPath": "k8s.io/kubernetes/pkg/client/clientset_generated/internalclientset",
			"Comment": "v1.2.0-alpha.8-142-g699c80b",
			"Rev": "699c80b75226e6adae67573569c386a62a578bae"
		},
		{
			"ImportPath": "k8s.io/kubernetes/pkg/client/metrics",
			"Comment": "v1.2.0-alpha.8-142-g699c80b",
			"Rev": "699c80b75226e6adae67573569c386a62a578bae"
		},
		{
			"ImportPath": "k8s.io/kubernetes/pkg/client/transport",
			"Comment": "v1.2.0-alpha.8-142-g699c80b",
			"Rev": "699c80b75226e6adae67573569c386a62a578bae"
		},
		{
			"ImportPath": "k8s.io/kubernetes/pkg/client/typed/generated/core/unversioned",
			"Comment": "v1.2.0-alpha.8-142-g699c80b",
			"Rev": "699c80b75226e6adae67573569c386a62a578bae"
		},
		{
			"ImportPath": "k8s.io/kubernetes/pkg/client/typed/generated/extensions/unversioned",
			"Comment": "v1.2.0-alpha.8-142-g699c80b",
			"Rev": "699c80b75226e6adae67573569c386a62a578bae"
		},
		{
			"ImportPath": "k8s.io/kubernetes/pkg/client/unversioned",
			"Comment": "v1.2.0-alpha.8-142-g699c80b",
			"Rev": "699c80b75226e6adae67573569c386a62a578bae"
		},
		{
			"ImportPath": "k8s.io/kubernetes/pkg/client/unversioned/auth",
			"Comment": "v1.2.0-alpha.8-142-g699c80b",
			"Rev": "699c80b75226e6adae67573569c386a62a578bae"
		},
		{
			"ImportPath": "k8s.io/kubernetes/pkg/client/unversioned/clientcmd",
			"Comment": "v1.2.0-alpha.8-142-g699c80b",
			"Rev": "699c80b75226e6adae67573569c386a62a578bae"
		},
		{
			"ImportPath": "k8s.io/kubernetes/pkg/client/unversioned/clientcmd/api",
			"Comment": "v1.2.0-alpha.8-142-g699c80b",
			"Rev": "699c80b75226e6adae67573569c386a62a578bae"
		},
		{
			"ImportPath": "k8s.io/kubernetes/pkg/client/unversioned/clientcmd/api/latest",
			"Comment": "v1.2.0-alpha.8-142-g699c80b",
			"Rev": "699c80b75226e6adae67573569c386a62a578bae"
		},
		{
			"ImportPath": "k8s.io/kubernetes/pkg/client/unversioned/clientcmd/api/v1",
			"Comment": "v1.2.0-alpha.8-142-g699c80b",
			"Rev": "699c80b75226e6adae67573569c386a62a578bae"
		},
		{
			"ImportPath": "k8s.io/kubernetes/pkg/controller/framework",
			"Comment": "v1.2.0-alpha.8-142-g699c80b",
			"Rev": "699c80b75226e6adae67573569c386a62a578bae"
		},
		{
			"ImportPath": "k8s.io/kubernetes/pkg/conversion",
			"Comment": "v1.2.0-alpha.8-142-g699c80b",
			"Rev": "699c80b75226e6adae67573569c386a62a578bae"
		},
		{
			"ImportPath": "k8s.io/kubernetes/pkg/conversion/queryparams",
			"Comment": "v1.2.0-alpha.8-142-g699c80b",
			"Rev": "699c80b75226e6adae67573569c386a62a578bae"
		},
		{
			"ImportPath": "k8s.io/kubernetes/pkg/credentialprovider",
			"Comment": "v1.2.0-alpha.8-142-g699c80b",
			"Rev": "699c80b75226e6adae67573569c386a62a578bae"
		},
		{
			"ImportPath": "k8s.io/kubernetes/pkg/fieldpath",
			"Comment": "v1.2.0-alpha.8-142-g699c80b",
			"Rev": "699c80b75226e6adae67573569c386a62a578bae"
		},
		{
			"ImportPath": "k8s.io/kubernetes/pkg/fields",
			"Comment": "v1.2.0-alpha.8-142-g699c80b",
			"Rev": "699c80b75226e6adae67573569c386a62a578bae"
		},
		{
			"ImportPath": "k8s.io/kubernetes/pkg/kubectl",
			"Comment": "v1.2.0-alpha.8-142-g699c80b",
			"Rev": "699c80b75226e6adae67573569c386a62a578bae"
		},
		{
			"ImportPath": "k8s.io/kubernetes/pkg/kubectl/cmd/util",
			"Comment": "v1.2.0-alpha.8-142-g699c80b",
			"Rev": "699c80b75226e6adae67573569c386a62a578bae"
		},
		{
			"ImportPath": "k8s.io/kubernetes/pkg/kubectl/resource",
			"Comment": "v1.2.0-alpha.8-142-g699c80b",
			"Rev": "699c80b75226e6adae67573569c386a62a578bae"
		},
		{
			"ImportPath": "k8s.io/kubernetes/pkg/kubelet/qos",
			"Comment": "v1.2.0-alpha.8-142-g699c80b",
			"Rev": "699c80b75226e6adae67573569c386a62a578bae"
		},
		{
			"ImportPath": "k8s.io/kubernetes/pkg/kubelet/qos/util",
			"Comment": "v1.2.0-alpha.8-142-g699c80b",
			"Rev": "699c80b75226e6adae67573569c386a62a578bae"
		},
		{
			"ImportPath": "k8s.io/kubernetes/pkg/labels",
			"Comment": "v1.2.0-alpha.8-142-g699c80b",
			"Rev": "699c80b75226e6adae67573569c386a62a578bae"
		},
		{
			"ImportPath": "k8s.io/kubernetes/pkg/master/ports",
			"Comment": "v1.2.0-alpha.8-142-g699c80b",
			"Rev": "699c80b75226e6adae67573569c386a62a578bae"
		},
		{
			"ImportPath": "k8s.io/kubernetes/pkg/runtime",
			"Comment": "v1.2.0-alpha.8-142-g699c80b",
			"Rev": "699c80b75226e6adae67573569c386a62a578bae"
		},
		{
			"ImportPath": "k8s.io/kubernetes/pkg/runtime/serializer",
			"Comment": "v1.2.0-alpha.8-142-g699c80b",
			"Rev": "699c80b75226e6adae67573569c386a62a578bae"
		},
		{
			"ImportPath": "k8s.io/kubernetes/pkg/runtime/serializer/json",
			"Comment": "v1.2.0-alpha.8-142-g699c80b",
			"Rev": "699c80b75226e6adae67573569c386a62a578bae"
		},
		{
			"ImportPath": "k8s.io/kubernetes/pkg/runtime/serializer/recognizer",
			"Comment": "v1.2.0-alpha.8-142-g699c80b",
			"Rev": "699c80b75226e6adae67573569c386a62a578bae"
		},
		{
			"ImportPath": "k8s.io/kubernetes/pkg/runtime/serializer/versioning",
			"Comment": "v1.2.0-alpha.8-142-g699c80b",
			"Rev": "699c80b75226e6adae67573569c386a62a578bae"
		},
		{
			"ImportPath": "k8s.io/kubernetes/pkg/types",
			"Comment": "v1.2.0-alpha.8-142-g699c80b",
			"Rev": "699c80b75226e6adae67573569c386a62a578bae"
		},
		{
			"ImportPath": "k8s.io/kubernetes/pkg/util",
			"Comment": "v1.2.0-alpha.8-142-g699c80b",
			"Rev": "699c80b75226e6adae67573569c386a62a578bae"
		},
		{
			"ImportPath": "k8s.io/kubernetes/pkg/util/deployment",
			"Comment": "v1.2.0-alpha.8-142-g699c80b",
			"Rev": "699c80b75226e6adae67573569c386a62a578bae"
		},
		{
			"ImportPath": "k8s.io/kubernetes/pkg/util/errors",
			"Comment": "v1.2.0-alpha.8-142-g699c80b",
			"Rev": "699c80b75226e6adae67573569c386a62a578bae"
		},
		{
			"ImportPath": "k8s.io/kubernetes/pkg/util/hash",
			"Comment": "v1.2.0-alpha.8-142-g699c80b",
			"Rev": "699c80b75226e6adae67573569c386a62a578bae"
		},
		{
			"ImportPath": "k8s.io/kubernetes/pkg/util/integer",
			"Comment": "v1.2.0-alpha.8-142-g699c80b",
			"Rev": "699c80b75226e6adae67573569c386a62a578bae"
		},
		{
			"ImportPath": "k8s.io/kubernetes/pkg/util/intstr",
			"Comment": "v1.2.0-alpha.8-142-g699c80b",
			"Rev": "699c80b75226e6adae67573569c386a62a578bae"
		},
		{
			"ImportPath": "k8s.io/kubernetes/pkg/util/jsonpath",
			"Comment": "v1.2.0-alpha.8-142-g699c80b",
			"Rev": "699c80b75226e6adae67573569c386a62a578bae"
		},
		{
			"ImportPath": "k8s.io/kubernetes/pkg/util/labels",
			"Comment": "v1.2.0-alpha.8-142-g699c80b",
			"Rev": "699c80b75226e6adae67573569c386a62a578bae"
		},
		{
			"ImportPath": "k8s.io/kubernetes/pkg/util/net",
			"Comment": "v1.2.0-alpha.8-142-g699c80b",
			"Rev": "699c80b75226e6adae67573569c386a62a578bae"
		},
		{
			"ImportPath": "k8s.io/kubernetes/pkg/util/parsers",
			"Comment": "v1.2.0-alpha.8-142-g699c80b",
			"Rev": "699c80b75226e6adae67573569c386a62a578bae"
		},
		{
			"ImportPath": "k8s.io/kubernetes/pkg/util/pod",
			"Comment": "v1.2.0-alpha.8-142-g699c80b",
			"Rev": "699c80b75226e6adae67573569c386a62a578bae"
		},
		{
			"ImportPath": "k8s.io/kubernetes/pkg/util/rand",
			"Comment": "v1.2.0-alpha.8-142-g699c80b",
			"Rev": "699c80b75226e6adae67573569c386a62a578bae"
		},
		{
			"ImportPath": "k8s.io/kubernetes/pkg/util/runtime",
			"Comment": "v1.2.0-alpha.8-142-g699c80b",
			"Rev": "699c80b75226e6adae67573569c386a62a578bae"
		},
		{
			"ImportPath": "k8s.io/kubernetes/pkg/util/sets",
			"Comment": "v1.2.0-alpha.8-142-g699c80b",
			"Rev": "699c80b75226e6adae67573569c386a62a578bae"
		},
		{
			"ImportPath": "k8s.io/kubernetes/pkg/util/strategicpatch",
			"Comment": "v1.2.0-alpha.8-142-g699c80b",
			"Rev": "699c80b75226e6adae67573569c386a62a578bae"
		},
		{
			"ImportPath": "k8s.io/kubernetes/pkg/util/validation",
			"Comment": "v1.2.0-alpha.8-142-g699c80b",
			"Rev": "699c80b75226e6adae67573569c386a62a578bae"
		},
		{
			"ImportPath": "k8s.io/kubernetes/pkg/util/validation/field",
			"Comment": "v1.2.0-alpha.8-142-g699c80b",
			"Rev": "699c80b75226e6adae67573569c386a62a578bae"
		},
		{
			"ImportPath": "k8s.io/kubernetes/pkg/util/wait",
			"Comment": "v1.2.0-alpha.8-142-g699c80b",
			"Rev": "699c80b75226e6adae67573569c386a62a578bae"
		},
		{
			"ImportPath": "k8s.io/kubernetes/pkg/util/workqueue",
			"Comment": "v1.2.0-alpha.8-142-g699c80b",
			"Rev": "699c80b75226e6adae67573569c386a62a578bae"
		},
		{
			"ImportPath": "k8s.io/kubernetes/pkg/util/yaml",
			"Comment": "v1.2.0-alpha.8-142-g699c80b",
			"Rev": "699c80b75226e6adae67573569c386a62a578bae"
		},
		{
			"ImportPath": "k8s.io/kubernetes/pkg/version",
			"Comment": "v1.2.0-alpha.8-142-g699c80b",
			"Rev": "699c80b75226e6adae67573569c386a62a578bae"
		},
		{
			"ImportPath": "k8s.io/kubernetes/pkg/watch",
			"Comment": "v1.2.0-alpha.8-142-g699c80b",
			"Rev": "699c80b75226e6adae67573569c386a62a578bae"
		},
		{
			"ImportPath": "k8s.io/kubernetes/pkg/watch/json",
			"Comment": "v1.2.0-alpha.8-142-g699c80b",
			"Rev": "699c80b75226e6adae67573569c386a62a578bae"
		},
		{
			"ImportPath": "k8s.io/kubernetes/third_party/forked/json",
			"Comment": "v1.2.0-alpha.8-142-g699c80b",
			"Rev": "699c80b75226e6adae67573569c386a62a578bae"
		},
		{
			"ImportPath": "k8s.io/kubernetes/third_party/forked/reflect",
			"Comment": "v1.2.0-alpha.8-142-g699c80b",
			"Rev": "699c80b75226e6adae67573569c386a62a578bae"
		},
		{
			"ImportPath": "k8s.io/kubernetes/third_party/golang/template",
			"Comment": "v1.2.0-alpha.8-142-g699c80b",
			"Rev": "699c80b75226e6adae67573569c386a62a578bae"
		},
		{
			"ImportPath": "speter.net/go/exp/math/dec/inf",
			"Rev": "42ca6cd68aa922bc3f32f1e056e61b65945d9ad7"
		}
	]
}
