{
	"ImportPath": "k8s.io/contrib/scale-demo",
	"GoVersion": "go1.5",
	"Packages": [
		"./..."
	],
	"Deps": [
		{
			"ImportPath": "bitbucket.org/ww/goautoneg",
			"Comment": "null-5",
			"Rev": "'75cd24fc2f2c2a2088577d12123ddee5f54e0675'"
		},
		{
			"ImportPath": "github.com/beorn7/perks/quantile",
			"Rev": "b965b613227fddccbfffe13eae360ed3fa822f8d"
		},
		{
			"ImportPath": "github.com/blang/semver",
			"Comment": "v3.1.0",
			"Rev": "aea32c919a18e5ef4537bbd283ff29594b1b0165"
		},
		{
			"ImportPath": "github.com/davecgh/go-spew/spew",
			"Rev": "3e6e67c4dcea3ac2f25fd4731abc0e1deaf36216"
		},
		{
			"ImportPath": "github.com/docker/docker/pkg/mount",
			"Comment": "v1.4.1-4045-g2b27fe1",
			"Rev": "2b27fe17a1b3fb8472fde96d768fa70996adf201"
		},
		{
			"ImportPath": "github.com/docker/docker/pkg/parsers",
			"Comment": "v1.4.1-4045-g2b27fe1",
			"Rev": "2b27fe17a1b3fb8472fde96d768fa70996adf201"
		},
		{
			"ImportPath": "github.com/docker/docker/pkg/units",
			"Comment": "v1.4.1-4045-g2b27fe1",
			"Rev": "2b27fe17a1b3fb8472fde96d768fa70996adf201"
		},
		{
			"ImportPath": "github.com/emicklei/go-restful",
			"Comment": "v1.1.3-98-g1f9a0ee",
			"Rev": "1f9a0ee00ff93717a275e15b30cf7df356255877"
		},
		{
			"ImportPath": "github.com/ghodss/yaml",
			"Rev": "73d445a93680fa1a78ae23a5839bad48f32ba1ee"
		},
		{
			"ImportPath": "github.com/golang/glog",
			"Rev": "44145f04b68cf362d9c4df2182967c2275eaefed"
		},
		{
			"ImportPath": "github.com/golang/protobuf/proto",
			"Rev": "7f07925444bb51fa4cf9dfe6f7661876f8852275"
		},
		{
			"ImportPath": "github.com/google/cadvisor/info/v1",
			"Comment": "0.19.0",
			"Rev": "0d6015c74114de9503d68c3c91efceee4dc41bd2"
		},
		{
			"ImportPath": "github.com/google/gofuzz",
			"Rev": "bbcb9da2d746f8bdbd6a936686a0a6067ada0ec5"
		},
		{
			"ImportPath": "github.com/imdario/mergo",
			"Comment": "0.1.3-8-g6633656",
			"Rev": "6633656539c1639d9d78127b7d47c622b5d7b6dc"
		},
		{
			"ImportPath": "github.com/juju/ratelimit",
			"Rev": "77ed1c8a01217656d2080ad51981f6e99adaa177"
		},
		{
			"ImportPath": "github.com/matttproud/golang_protobuf_extensions/pbutil",
			"Rev": "fc2b8d3a73c4867e51861bbdd5ae3c1f0869dd6a"
		},
		{
			"ImportPath": "github.com/opencontainers/runc/libcontainer/cgroups",
			"Comment": "v0.0.5",
			"Rev": "97bc9a7faf3dd660d9be90a2880b2e37f3cdbf38"
		},
		{
			"ImportPath": "github.com/opencontainers/runc/libcontainer/configs",
			"Comment": "v0.0.5",
			"Rev": "97bc9a7faf3dd660d9be90a2880b2e37f3cdbf38"
		},
		{
			"ImportPath": "github.com/opencontainers/runc/libcontainer/system",
			"Comment": "v0.0.5",
			"Rev": "97bc9a7faf3dd660d9be90a2880b2e37f3cdbf38"
		},
		{
			"ImportPath": "github.com/pborman/uuid",
			"Rev": "ca53cad383cad2479bbba7f7a1a05797ec1386e4"
		},
		{
			"ImportPath": "github.com/prometheus/client_golang/prometheus",
			"Comment": "0.7.0-39-g3b78d7a",
			"Rev": "3b78d7a77f51ccbc364d4bc170920153022cfd08"
		},
		{
			"ImportPath": "github.com/prometheus/client_model/go",
			"Comment": "model-0.0.2-12-gfa8ad6f",
			"Rev": "fa8ad6fec33561be4280a8f0514318c79d7f6cb6"
		},
		{
			"ImportPath": "github.com/prometheus/common/expfmt",
			"Rev": "ef7a9a5fb138aa5d3a19988537606226869a0390"
		},
		{
			"ImportPath": "github.com/prometheus/common/model",
			"Rev": "ef7a9a5fb138aa5d3a19988537606226869a0390"
		},
		{
			"ImportPath": "github.com/prometheus/procfs",
			"Rev": "490cc6eb5fa45bf8a8b7b73c8bc82a8160e8531d"
		},
		{
			"ImportPath": "github.com/spf13/pflag",
			"Rev": "b084184666e02084b8ccb9b704bf0d79c466eb1d"
		},
		{
			"ImportPath": "github.com/streadway/quantile",
			"Rev": "b0c588724d25ae13f5afb3d90efec0edc636432b"
		},
		{
			"ImportPath": "github.com/tsenart/vegeta/lib",
			"Comment": "v6.0.0-3-gc9b2e6f",
			"Rev": "c9b2e6fba737c53b202e3c64275ce41e7bdc5159"
		},
		{
			"ImportPath": "github.com/ugorji/go/codec",
			"Rev": "f1f1a805ed361a0e078bb537e4ea78cd37dcf065"
		},
		{
			"ImportPath": "golang.org/x/crypto/ssh",
			"Rev": "c84e1f8e3a7e322d497cd16c0e8a13c7e127baf3"
		},
		{
			"ImportPath": "golang.org/x/net/context",
			"Rev": "c2528b2dd8352441850638a8bb678c2ad056fd3e"
		},
		{
			"ImportPath": "gopkg.in/yaml.v2",
			"Rev": "d466437aa4adc35830964cffc5b5f262c63ddcb4"
		},
		{
			"ImportPath": "k8s.io/kubernetes/pkg/api",
			"Comment": "v1.2.0-alpha.5-690-gab6edd8",
			"Rev": "ab6edd8170522fa775fb5054d1c54b4e0d791444"
		},
		{
			"ImportPath": "k8s.io/kubernetes/pkg/apis/componentconfig",
			"Comment": "v1.2.0-alpha.5-690-gab6edd8",
			"Rev": "ab6edd8170522fa775fb5054d1c54b4e0d791444"
		},
		{
			"ImportPath": "k8s.io/kubernetes/pkg/apis/extensions",
			"Comment": "v1.2.0-alpha.5-690-gab6edd8",
			"Rev": "ab6edd8170522fa775fb5054d1c54b4e0d791444"
		},
		{
			"ImportPath": "k8s.io/kubernetes/pkg/apis/metrics",
			"Comment": "v1.2.0-alpha.5-690-gab6edd8",
			"Rev": "ab6edd8170522fa775fb5054d1c54b4e0d791444"
		},
		{
			"ImportPath": "k8s.io/kubernetes/pkg/auth/user",
			"Comment": "v1.2.0-alpha.5-690-gab6edd8",
			"Rev": "ab6edd8170522fa775fb5054d1c54b4e0d791444"
		},
		{
			"ImportPath": "k8s.io/kubernetes/pkg/capabilities",
			"Comment": "v1.2.0-alpha.5-690-gab6edd8",
			"Rev": "ab6edd8170522fa775fb5054d1c54b4e0d791444"
		},
		{
			"ImportPath": "k8s.io/kubernetes/pkg/client/metrics",
			"Comment": "v1.2.0-alpha.5-690-gab6edd8",
			"Rev": "ab6edd8170522fa775fb5054d1c54b4e0d791444"
		},
		{
			"ImportPath": "k8s.io/kubernetes/pkg/client/transport",
			"Comment": "v1.2.0-alpha.5-690-gab6edd8",
			"Rev": "ab6edd8170522fa775fb5054d1c54b4e0d791444"
		},
		{
			"ImportPath": "k8s.io/kubernetes/pkg/client/unversioned",
			"Comment": "v1.2.0-alpha.5-690-gab6edd8",
			"Rev": "ab6edd8170522fa775fb5054d1c54b4e0d791444"
		},
		{
			"ImportPath": "k8s.io/kubernetes/pkg/conversion",
			"Comment": "v1.2.0-alpha.5-690-gab6edd8",
			"Rev": "ab6edd8170522fa775fb5054d1c54b4e0d791444"
		},
		{
			"ImportPath": "k8s.io/kubernetes/pkg/fields",
			"Comment": "v1.2.0-alpha.5-690-gab6edd8",
			"Rev": "ab6edd8170522fa775fb5054d1c54b4e0d791444"
		},
		{
			"ImportPath": "k8s.io/kubernetes/pkg/kubelet/qos",
			"Comment": "v1.2.0-alpha.5-690-gab6edd8",
			"Rev": "ab6edd8170522fa775fb5054d1c54b4e0d791444"
		},
		{
			"ImportPath": "k8s.io/kubernetes/pkg/labels",
			"Comment": "v1.2.0-alpha.5-690-gab6edd8",
			"Rev": "ab6edd8170522fa775fb5054d1c54b4e0d791444"
		},
		{
			"ImportPath": "k8s.io/kubernetes/pkg/runtime",
			"Comment": "v1.2.0-alpha.5-690-gab6edd8",
			"Rev": "ab6edd8170522fa775fb5054d1c54b4e0d791444"
		},
		{
			"ImportPath": "k8s.io/kubernetes/pkg/types",
			"Comment": "v1.2.0-alpha.5-690-gab6edd8",
			"Rev": "ab6edd8170522fa775fb5054d1c54b4e0d791444"
		},
		{
			"ImportPath": "k8s.io/kubernetes/pkg/util",
			"Comment": "v1.2.0-alpha.5-690-gab6edd8",
			"Rev": "ab6edd8170522fa775fb5054d1c54b4e0d791444"
		},
		{
			"ImportPath": "k8s.io/kubernetes/pkg/version",
			"Comment": "v1.2.0-alpha.5-690-gab6edd8",
			"Rev": "ab6edd8170522fa775fb5054d1c54b4e0d791444"
		},
		{
			"ImportPath": "k8s.io/kubernetes/pkg/watch",
			"Comment": "v1.2.0-alpha.5-690-gab6edd8",
			"Rev": "ab6edd8170522fa775fb5054d1c54b4e0d791444"
		},
		{
			"ImportPath": "k8s.io/kubernetes/third_party/forked/reflect",
			"Comment": "v1.2.0-alpha.5-690-gab6edd8",
			"Rev": "ab6edd8170522fa775fb5054d1c54b4e0d791444"
		},
		{
			"ImportPath": "speter.net/go/exp/math/dec/inf",
			"Rev": "42ca6cd68aa922bc3f32f1e056e61b65945d9ad7"
		}
	]
}
