{
	"ImportPath": "k8s.io/contrib/docker-micro-benchmark",
	"GoVersion": "go1.5",
	"Packages": [
		"./..."
	],
	"Deps": [
		{
			"ImportPath": "github.com/Microsoft/go-winio",
			"Comment": "v0.1.0",
			"Rev": "8f9387ea7efabb228a981b9c381142be7667967f"
		},
		{
			"ImportPath": "github.com/Sirupsen/logrus",
			"Comment": "v0.6.2-10-g51fe59a",
			"Rev": "51fe59aca108dc5680109e7b2051cbdcfa5a253c"
		},
		{
			"ImportPath": "github.com/docker/distribution/digest",
			"Comment": "v2.4.0-rc.1-38-gcd27f17",
			"Rev": "cd27f179f2c10c5d300e6d09025b538c475b0d51"
		},
		{
			"ImportPath": "github.com/docker/distribution/reference",
			"Comment": "v2.4.0-rc.1-38-gcd27f17",
			"Rev": "cd27f179f2c10c5d300e6d09025b538c475b0d51"
		},
		{
			"ImportPath": "github.com/docker/docker/pkg/jsonmessage",
			"Comment": "v1.4.1-4831-g0f5c9d3",
			"Rev": "0f5c9d301b9b1cca66b3ea0f9dec3b5317d3686d"
		},
		{
			"ImportPath": "github.com/docker/docker/pkg/term",
			"Comment": "v1.4.1-4831-g0f5c9d3",
			"Rev": "0f5c9d301b9b1cca66b3ea0f9dec3b5317d3686d"
		},
		{
			"ImportPath": "github.com/docker/docker/pkg/timeutils",
			"Comment": "v1.4.1-4831-g0f5c9d3",
			"Rev": "0f5c9d301b9b1cca66b3ea0f9dec3b5317d3686d"
		},
		{
			"ImportPath": "github.com/docker/docker/pkg/units",
			"Comment": "v1.4.1-4831-g0f5c9d3",
			"Rev": "0f5c9d301b9b1cca66b3ea0f9dec3b5317d3686d"
		},
		{
			"ImportPath": "github.com/docker/engine-api/client",
			"Comment": "v0.3.1-62-g3d72d39",
			"Rev": "3d72d392d07bece8d7d7b2a3b6b2e57c2df376a2"
		},
		{
			"ImportPath": "github.com/docker/engine-api/types",
			"Comment": "v0.3.1-62-g3d72d39",
			"Rev": "3d72d392d07bece8d7d7b2a3b6b2e57c2df376a2"
		},
		{
			"ImportPath": "github.com/docker/go-connections/nat",
			"Comment": "v0.2.0-2-gf549a93",
			"Rev": "f549a9393d05688dff0992ef3efd8bbe6c628aeb"
		},
		{
			"ImportPath": "github.com/docker/go-connections/sockets",
			"Comment": "v0.2.0-2-gf549a93",
			"Rev": "f549a9393d05688dff0992ef3efd8bbe6c628aeb"
		},
		{
			"ImportPath": "github.com/docker/go-connections/tlsconfig",
			"Comment": "v0.2.0-2-gf549a93",
			"Rev": "f549a9393d05688dff0992ef3efd8bbe6c628aeb"
		},
		{
			"ImportPath": "github.com/docker/go-units",
			"Comment": "v0.1.0-21-g0bbddae",
			"Rev": "0bbddae09c5a5419a8c6dcdd7ff90da3d450393b"
		},
		{
			"ImportPath": "github.com/juju/ratelimit",
			"Rev": "77ed1c8a01217656d2080ad51981f6e99adaa177"
		},
		{
			"ImportPath": "github.com/opencontainers/runc/libcontainer/user",
			"Comment": "v0.0.7",
			"Rev": "7ca2aa4873aea7cb4265b1726acb24b90d8726c6"
		},
		{
			"ImportPath": "golang.org/x/net/context",
			"Rev": "c2528b2dd8352441850638a8bb678c2ad056fd3e"
		},
		{
			"ImportPath": "golang.org/x/net/proxy",
			"Rev": "c2528b2dd8352441850638a8bb678c2ad056fd3e"
		}
	]
}
