{
	"ImportPath": "k8s.io/contrib/election",
	"GoVersion": "go1.6",
	"GodepVersion": "v71",
	"Packages": [
		"./..."
	],
	"Deps": [
		{
			"ImportPath": "github.com/beorn7/perks/quantile",
			"Rev": "3ac7bf7a47d159a033b107610db8a1b6575507a4"
		},
		{
			"ImportPath": "github.com/blang/semver",
			"Comment": "v3.0.1",
			"Rev": "31b736133b98f26d5e078ec9eb591666edfd091f"
		},
		{
			"ImportPath": "github.com/coreos/go-oidc/http",
			"Rev": "5cf2aa52da8c574d3aa4458f471ad6ae2240fe6b"
		},
		{
			"ImportPath": "github.com/coreos/go-oidc/jose",
			"Rev": "5cf2aa52da8c574d3aa4458f471ad6ae2240fe6b"
		},
		{
			"ImportPath": "github.com/coreos/go-oidc/key",
			"Rev": "5cf2aa52da8c574d3aa4458f471ad6ae2240fe6b"
		},
		{
			"ImportPath": "github.com/coreos/go-oidc/oauth2",
			"Rev": "5cf2aa52da8c574d3aa4458f471ad6ae2240fe6b"
		},
		{
			"ImportPath": "github.com/coreos/go-oidc/oidc",
			"Rev": "5cf2aa52da8c574d3aa4458f471ad6ae2240fe6b"
		},
		{
			"ImportPath": "github.com/coreos/go-systemd/journal",
			"Comment": "v8-2-g4484981",
			"Rev": "4484981625c1a6a2ecb40a390fcb6a9bcfee76e3"
		},
		{
			"ImportPath": "github.com/coreos/pkg/capnslog",
			"Comment": "v2",
			"Rev": "7f080b6c11ac2d2347c3cd7521e810207ea1a041"
		},
		{
			"ImportPath": "github.com/coreos/pkg/health",
			"Comment": "v2",
			"Rev": "7f080b6c11ac2d2347c3cd7521e810207ea1a041"
		},
		{
			"ImportPath": "github.com/coreos/pkg/httputil",
			"Comment": "v2",
			"Rev": "7f080b6c11ac2d2347c3cd7521e810207ea1a041"
		},
		{
			"ImportPath": "github.com/coreos/pkg/timeutil",
			"Comment": "v2",
			"Rev": "7f080b6c11ac2d2347c3cd7521e810207ea1a041"
		},
		{
			"ImportPath": "github.com/davecgh/go-spew/spew",
			"Rev": "5215b55f46b2b919f50a1df0eaa5886afe4e3b3d"
		},
		{
			"ImportPath": "github.com/docker/distribution/digest",
			"Comment": "v2.4.0-rc.1-38-gcd27f17",
			"Rev": "cd27f179f2c10c5d300e6d09025b538c475b0d51"
		},
		{
			"ImportPath": "github.com/docker/distribution/reference",
			"Comment": "v2.4.0-rc.1-38-gcd27f17",
			"Rev": "cd27f179f2c10c5d300e6d09025b538c475b0d51"
		},
		{
			"ImportPath": "github.com/docker/docker/pkg/mount",
			"Comment": "v1.4.1-4831-g0f5c9d3",
			"Rev": "0f5c9d301b9b1cca66b3ea0f9dec3b5317d3686d"
		},
		{
			"ImportPath": "github.com/docker/engine-api/types",
			"Comment": "v0.3.1-62-g3d72d39",
			"Rev": "3d72d392d07bece8d7d7b2a3b6b2e57c2df376a2"
		},
		{
			"ImportPath": "github.com/docker/engine-api/types/blkiodev",
			"Comment": "v0.3.1-62-g3d72d39",
			"Rev": "3d72d392d07bece8d7d7b2a3b6b2e57c2df376a2"
		},
		{
			"ImportPath": "github.com/docker/engine-api/types/container",
			"Comment": "v0.3.1-62-g3d72d39",
			"Rev": "3d72d392d07bece8d7d7b2a3b6b2e57c2df376a2"
		},
		{
			"ImportPath": "github.com/docker/engine-api/types/filters",
			"Comment": "v0.3.1-62-g3d72d39",
			"Rev": "3d72d392d07bece8d7d7b2a3b6b2e57c2df376a2"
		},
		{
			"ImportPath": "github.com/docker/engine-api/types/network",
			"Comment": "v0.3.1-62-g3d72d39",
			"Rev": "3d72d392d07bece8d7d7b2a3b6b2e57c2df376a2"
		},
		{
			"ImportPath": "github.com/docker/engine-api/types/registry",
			"Comment": "v0.3.1-62-g3d72d39",
			"Rev": "3d72d392d07bece8d7d7b2a3b6b2e57c2df376a2"
		},
		{
			"ImportPath": "github.com/docker/engine-api/types/strslice",
			"Comment": "v0.3.1-62-g3d72d39",
			"Rev": "3d72d392d07bece8d7d7b2a3b6b2e57c2df376a2"
		},
		{
			"ImportPath": "github.com/docker/engine-api/types/versions",
			"Comment": "v0.3.1-62-g3d72d39",
			"Rev": "3d72d392d07bece8d7d7b2a3b6b2e57c2df376a2"
		},
		{
			"ImportPath": "github.com/docker/go-connections/nat",
			"Comment": "v0.2.0-2-gf549a93",
			"Rev": "f549a9393d05688dff0992ef3efd8bbe6c628aeb"
		},
		{
			"ImportPath": "github.com/docker/go-units",
			"Comment": "v0.1.0-21-g0bbddae",
			"Rev": "0bbddae09c5a5419a8c6dcdd7ff90da3d450393b"
		},
		{
			"ImportPath": "github.com/emicklei/go-restful",
			"Comment": "v1.2-54-g7c47e25",
			"Rev": "7c47e2558a0bbbaba9ecab06bc6681e73028a28a"
		},
		{
			"ImportPath": "github.com/emicklei/go-restful/log",
			"Comment": "v1.2-54-g7c47e25",
			"Rev": "7c47e2558a0bbbaba9ecab06bc6681e73028a28a"
		},
		{
			"ImportPath": "github.com/emicklei/go-restful/swagger",
			"Comment": "v1.2-54-g7c47e25",
			"Rev": "7c47e2558a0bbbaba9ecab06bc6681e73028a28a"
		},
		{
			"ImportPath": "github.com/evanphx/json-patch",
			"Rev": "465937c80b3c07a7c7ad20cc934898646a91c1de"
		},
		{
			"ImportPath": "github.com/ghodss/yaml",
			"Rev": "73d445a93680fa1a78ae23a5839bad48f32ba1ee"
		},
		{
			"ImportPath": "github.com/gogo/protobuf/proto",
			"Comment": "v0.1-125-g82d16f7",
			"Rev": "82d16f734d6d871204a3feb1a73cb220cc92574c"
		},
		{
			"ImportPath": "github.com/golang/glog",
			"Rev": "44145f04b68cf362d9c4df2182967c2275eaefed"
		},
		{
			"ImportPath": "github.com/golang/groupcache/lru",
			"Rev": "604ed5785183e59ae2789449d89e73f3a2a77987"
		},
		{
			"ImportPath": "github.com/golang/protobuf/proto",
			"Rev": "b982704f8bb716bb608144408cff30e15fbde841"
		},
		{
			"ImportPath": "github.com/google/cadvisor/info/v1",
			"Comment": "v0.23.5",
			"Rev": "3ecedda96383d3342a5c8e5b8f39c7c9db65982f"
		},
		{
			"ImportPath": "github.com/google/gofuzz",
			"Rev": "bbcb9da2d746f8bdbd6a936686a0a6067ada0ec5"
		},
		{
			"ImportPath": "github.com/imdario/mergo",
			"Comment": "0.1.3-8-g6633656",
			"Rev": "6633656539c1639d9d78127b7d47c622b5d7b6dc"
		},
		{
			"ImportPath": "github.com/inconshreveable/mousetrap",
			"Rev": "76626ae9c91c4f2a10f34cad8ce83ea42c93bb75"
		},
		{
			"ImportPath": "github.com/jonboulle/clockwork",
			"Rev": "3f831b65b61282ba6bece21b91beea2edc4c887a"
		},
		{
			"ImportPath": "github.com/juju/ratelimit",
			"Rev": "77ed1c8a01217656d2080ad51981f6e99adaa177"
		},
		{
			"ImportPath": "github.com/matttproud/golang_protobuf_extensions/pbutil",
			"Rev": "fc2b8d3a73c4867e51861bbdd5ae3c1f0869dd6a"
		},
		{
			"ImportPath": "github.com/opencontainers/runc/libcontainer/cgroups",
			"Comment": "v0.0.7",
			"Rev": "7ca2aa4873aea7cb4265b1726acb24b90d8726c6"
		},
		{
			"ImportPath": "github.com/opencontainers/runc/libcontainer/cgroups/fs",
			"Comment": "v0.0.7",
			"Rev": "7ca2aa4873aea7cb4265b1726acb24b90d8726c6"
		},
		{
			"ImportPath": "github.com/opencontainers/runc/libcontainer/configs",
			"Comment": "v0.0.7",
			"Rev": "7ca2aa4873aea7cb4265b1726acb24b90d8726c6"
		},
		{
			"ImportPath": "github.com/opencontainers/runc/libcontainer/system",
			"Comment": "v0.0.7",
			"Rev": "7ca2aa4873aea7cb4265b1726acb24b90d8726c6"
		},
		{
			"ImportPath": "github.com/pborman/uuid",
			"Rev": "ca53cad383cad2479bbba7f7a1a05797ec1386e4"
		},
		{
			"ImportPath": "github.com/prometheus/client_golang/prometheus",
			"Comment": "0.7.0-39-g3b78d7a",
			"Rev": "3b78d7a77f51ccbc364d4bc170920153022cfd08"
		},
		{
			"ImportPath": "github.com/prometheus/client_model/go",
			"Comment": "model-0.0.2-12-gfa8ad6f",
			"Rev": "fa8ad6fec33561be4280a8f0514318c79d7f6cb6"
		},
		{
			"ImportPath": "github.com/prometheus/common/expfmt",
			"Rev": "a6ab08426bb262e2d190097751f5cfd1cfdfd17d"
		},
		{
			"ImportPath": "github.com/prometheus/common/internal/bitbucket.org/ww/goautoneg",
			"Rev": "a6ab08426bb262e2d190097751f5cfd1cfdfd17d"
		},
		{
			"ImportPath": "github.com/prometheus/common/model",
			"Rev": "a6ab08426bb262e2d190097751f5cfd1cfdfd17d"
		},
		{
			"ImportPath": "github.com/prometheus/procfs",
			"Rev": "490cc6eb5fa45bf8a8b7b73c8bc82a8160e8531d"
		},
		{
			"ImportPath": "github.com/spf13/cobra",
			"Rev": "4c05eb1145f16d0e6bb4a3e1b6d769f4713cb41f"
		},
		{
			"ImportPath": "github.com/spf13/pflag",
			"Rev": "08b1a584251b5b62f458943640fc8ebd4d50aaa5"
		},
		{
			"ImportPath": "github.com/ugorji/go/codec",
			"Rev": "f4485b318aadd133842532f841dc205a8e339d74"
		},
		{
			"ImportPath": "golang.org/x/net/context",
			"Rev": "62685c2d7ca23c807425dca88b11a3e2323dab41"
		},
		{
			"ImportPath": "golang.org/x/net/context/ctxhttp",
			"Rev": "62685c2d7ca23c807425dca88b11a3e2323dab41"
		},
		{
			"ImportPath": "golang.org/x/net/http2",
			"Rev": "62685c2d7ca23c807425dca88b11a3e2323dab41"
		},
		{
			"ImportPath": "golang.org/x/net/http2/hpack",
			"Rev": "62685c2d7ca23c807425dca88b11a3e2323dab41"
		},
		{
			"ImportPath": "golang.org/x/oauth2",
			"Rev": "b5adcc2dcdf009d0391547edc6ecbaff889f5bb9"
		},
		{
			"ImportPath": "golang.org/x/oauth2/google",
			"Rev": "b5adcc2dcdf009d0391547edc6ecbaff889f5bb9"
		},
		{
			"ImportPath": "golang.org/x/oauth2/internal",
			"Rev": "b5adcc2dcdf009d0391547edc6ecbaff889f5bb9"
		},
		{
			"ImportPath": "golang.org/x/oauth2/jws",
			"Rev": "b5adcc2dcdf009d0391547edc6ecbaff889f5bb9"
		},
		{
			"ImportPath": "golang.org/x/oauth2/jwt",
			"Rev": "b5adcc2dcdf009d0391547edc6ecbaff889f5bb9"
		},
		{
			"ImportPath": "google.golang.org/cloud/compute/metadata",
			"Rev": "eb47ba841d53d93506cfbfbc03927daf9cc48f88"
		},
		{
			"ImportPath": "google.golang.org/cloud/internal",
			"Rev": "eb47ba841d53d93506cfbfbc03927daf9cc48f88"
		},
		{
			"ImportPath": "gopkg.in/inf.v0",
			"Comment": "v0.9.0",
			"Rev": "3887ee99ecf07df5b447e9b00d9c0b2adaa9f3e4"
		},
		{
			"ImportPath": "gopkg.in/yaml.v2",
			"Rev": "a83829b6f1293c91addabc89d0571c246397bbf4"
		},
		{
			"ImportPath": "k8s.io/kubernetes/federation/apis/federation",
			"Comment": "v1.4.0-alpha.0-1247-g5e7c309",
			"Rev": "5e7c309b29280bef441800953a33a6468a0dc0c4"
		},
		{
			"ImportPath": "k8s.io/kubernetes/federation/apis/federation/install",
			"Comment": "v1.4.0-alpha.0-1247-g5e7c309",
			"Rev": "5e7c309b29280bef441800953a33a6468a0dc0c4"
		},
		{
			"ImportPath": "k8s.io/kubernetes/federation/apis/federation/v1beta1",
			"Comment": "v1.4.0-alpha.0-1247-g5e7c309",
			"Rev": "5e7c309b29280bef441800953a33a6468a0dc0c4"
		},
		{
			"ImportPath": "k8s.io/kubernetes/federation/client/clientset_generated/federation_internalclientset",
			"Comment": "v1.4.0-alpha.0-1247-g5e7c309",
			"Rev": "5e7c309b29280bef441800953a33a6468a0dc0c4"
		},
		{
			"ImportPath": "k8s.io/kubernetes/federation/client/clientset_generated/federation_internalclientset/typed/core/unversioned",
			"Comment": "v1.4.0-alpha.0-1247-g5e7c309",
			"Rev": "5e7c309b29280bef441800953a33a6468a0dc0c4"
		},
		{
			"ImportPath": "k8s.io/kubernetes/federation/client/clientset_generated/federation_internalclientset/typed/federation/unversioned",
			"Comment": "v1.4.0-alpha.0-1247-g5e7c309",
			"Rev": "5e7c309b29280bef441800953a33a6468a0dc0c4"
		},
		{
			"ImportPath": "k8s.io/kubernetes/pkg/api",
			"Comment": "v1.4.0-alpha.0-1247-g5e7c309",
			"Rev": "5e7c309b29280bef441800953a33a6468a0dc0c4"
		},
		{
			"ImportPath": "k8s.io/kubernetes/pkg/api/annotations",
			"Comment": "v1.4.0-alpha.0-1247-g5e7c309",
			"Rev": "5e7c309b29280bef441800953a33a6468a0dc0c4"
		},
		{
			"ImportPath": "k8s.io/kubernetes/pkg/api/endpoints",
			"Comment": "v1.4.0-alpha.0-1247-g5e7c309",
			"Rev": "5e7c309b29280bef441800953a33a6468a0dc0c4"
		},
		{
			"ImportPath": "k8s.io/kubernetes/pkg/api/errors",
			"Comment": "v1.4.0-alpha.0-1247-g5e7c309",
			"Rev": "5e7c309b29280bef441800953a33a6468a0dc0c4"
		},
		{
			"ImportPath": "k8s.io/kubernetes/pkg/api/install",
			"Comment": "v1.4.0-alpha.0-1247-g5e7c309",
			"Rev": "5e7c309b29280bef441800953a33a6468a0dc0c4"
		},
		{
			"ImportPath": "k8s.io/kubernetes/pkg/api/meta",
			"Comment": "v1.4.0-alpha.0-1247-g5e7c309",
			"Rev": "5e7c309b29280bef441800953a33a6468a0dc0c4"
		},
		{
			"ImportPath": "k8s.io/kubernetes/pkg/api/meta/metatypes",
			"Comment": "v1.4.0-alpha.0-1247-g5e7c309",
			"Rev": "5e7c309b29280bef441800953a33a6468a0dc0c4"
		},
		{
			"ImportPath": "k8s.io/kubernetes/pkg/api/pod",
			"Comment": "v1.4.0-alpha.0-1247-g5e7c309",
			"Rev": "5e7c309b29280bef441800953a33a6468a0dc0c4"
		},
		{
			"ImportPath": "k8s.io/kubernetes/pkg/api/resource",
			"Comment": "v1.4.0-alpha.0-1247-g5e7c309",
			"Rev": "5e7c309b29280bef441800953a33a6468a0dc0c4"
		},
		{
			"ImportPath": "k8s.io/kubernetes/pkg/api/rest",
			"Comment": "v1.4.0-alpha.0-1247-g5e7c309",
			"Rev": "5e7c309b29280bef441800953a33a6468a0dc0c4"
		},
		{
			"ImportPath": "k8s.io/kubernetes/pkg/api/service",
			"Comment": "v1.4.0-alpha.0-1247-g5e7c309",
			"Rev": "5e7c309b29280bef441800953a33a6468a0dc0c4"
		},
		{
			"ImportPath": "k8s.io/kubernetes/pkg/api/unversioned",
			"Comment": "v1.4.0-alpha.0-1247-g5e7c309",
			"Rev": "5e7c309b29280bef441800953a33a6468a0dc0c4"
		},
		{
			"ImportPath": "k8s.io/kubernetes/pkg/api/unversioned/validation",
			"Comment": "v1.4.0-alpha.0-1247-g5e7c309",
			"Rev": "5e7c309b29280bef441800953a33a6468a0dc0c4"
		},
		{
			"ImportPath": "k8s.io/kubernetes/pkg/api/util",
			"Comment": "v1.4.0-alpha.0-1247-g5e7c309",
			"Rev": "5e7c309b29280bef441800953a33a6468a0dc0c4"
		},
		{
			"ImportPath": "k8s.io/kubernetes/pkg/api/v1",
			"Comment": "v1.4.0-alpha.0-1247-g5e7c309",
			"Rev": "5e7c309b29280bef441800953a33a6468a0dc0c4"
		},
		{
			"ImportPath": "k8s.io/kubernetes/pkg/api/validation",
			"Comment": "v1.4.0-alpha.0-1247-g5e7c309",
			"Rev": "5e7c309b29280bef441800953a33a6468a0dc0c4"
		},
		{
			"ImportPath": "k8s.io/kubernetes/pkg/apimachinery",
			"Comment": "v1.4.0-alpha.0-1247-g5e7c309",
			"Rev": "5e7c309b29280bef441800953a33a6468a0dc0c4"
		},
		{
			"ImportPath": "k8s.io/kubernetes/pkg/apimachinery/registered",
			"Comment": "v1.4.0-alpha.0-1247-g5e7c309",
			"Rev": "5e7c309b29280bef441800953a33a6468a0dc0c4"
		},
		{
			"ImportPath": "k8s.io/kubernetes/pkg/apis/apps",
			"Comment": "v1.4.0-alpha.0-1247-g5e7c309",
			"Rev": "5e7c309b29280bef441800953a33a6468a0dc0c4"
		},
		{
			"ImportPath": "k8s.io/kubernetes/pkg/apis/apps/install",
			"Comment": "v1.4.0-alpha.0-1247-g5e7c309",
			"Rev": "5e7c309b29280bef441800953a33a6468a0dc0c4"
		},
		{
			"ImportPath": "k8s.io/kubernetes/pkg/apis/apps/v1alpha1",
			"Comment": "v1.4.0-alpha.0-1247-g5e7c309",
			"Rev": "5e7c309b29280bef441800953a33a6468a0dc0c4"
		},
		{
			"ImportPath": "k8s.io/kubernetes/pkg/apis/authentication.k8s.io",
			"Comment": "v1.4.0-alpha.0-1247-g5e7c309",
			"Rev": "5e7c309b29280bef441800953a33a6468a0dc0c4"
		},
		{
			"ImportPath": "k8s.io/kubernetes/pkg/apis/authentication.k8s.io/install",
			"Comment": "v1.4.0-alpha.0-1247-g5e7c309",
			"Rev": "5e7c309b29280bef441800953a33a6468a0dc0c4"
		},
		{
			"ImportPath": "k8s.io/kubernetes/pkg/apis/authentication.k8s.io/v1beta1",
			"Comment": "v1.4.0-alpha.0-1247-g5e7c309",
			"Rev": "5e7c309b29280bef441800953a33a6468a0dc0c4"
		},
		{
			"ImportPath": "k8s.io/kubernetes/pkg/apis/authorization",
			"Comment": "v1.4.0-alpha.0-1247-g5e7c309",
			"Rev": "5e7c309b29280bef441800953a33a6468a0dc0c4"
		},
		{
			"ImportPath": "k8s.io/kubernetes/pkg/apis/authorization/install",
			"Comment": "v1.4.0-alpha.0-1247-g5e7c309",
			"Rev": "5e7c309b29280bef441800953a33a6468a0dc0c4"
		},
		{
			"ImportPath": "k8s.io/kubernetes/pkg/apis/authorization/v1beta1",
			"Comment": "v1.4.0-alpha.0-1247-g5e7c309",
			"Rev": "5e7c309b29280bef441800953a33a6468a0dc0c4"
		},
		{
			"ImportPath": "k8s.io/kubernetes/pkg/apis/autoscaling",
			"Comment": "v1.4.0-alpha.0-1247-g5e7c309",
			"Rev": "5e7c309b29280bef441800953a33a6468a0dc0c4"
		},
		{
			"ImportPath": "k8s.io/kubernetes/pkg/apis/autoscaling/install",
			"Comment": "v1.4.0-alpha.0-1247-g5e7c309",
			"Rev": "5e7c309b29280bef441800953a33a6468a0dc0c4"
		},
		{
			"ImportPath": "k8s.io/kubernetes/pkg/apis/autoscaling/v1",
			"Comment": "v1.4.0-alpha.0-1247-g5e7c309",
			"Rev": "5e7c309b29280bef441800953a33a6468a0dc0c4"
		},
		{
			"ImportPath": "k8s.io/kubernetes/pkg/apis/batch",
			"Comment": "v1.4.0-alpha.0-1247-g5e7c309",
			"Rev": "5e7c309b29280bef441800953a33a6468a0dc0c4"
		},
		{
			"ImportPath": "k8s.io/kubernetes/pkg/apis/batch/install",
			"Comment": "v1.4.0-alpha.0-1247-g5e7c309",
			"Rev": "5e7c309b29280bef441800953a33a6468a0dc0c4"
		},
		{
			"ImportPath": "k8s.io/kubernetes/pkg/apis/batch/v1",
			"Comment": "v1.4.0-alpha.0-1247-g5e7c309",
			"Rev": "5e7c309b29280bef441800953a33a6468a0dc0c4"
		},
		{
			"ImportPath": "k8s.io/kubernetes/pkg/apis/batch/v2alpha1",
			"Comment": "v1.4.0-alpha.0-1247-g5e7c309",
			"Rev": "5e7c309b29280bef441800953a33a6468a0dc0c4"
		},
		{
			"ImportPath": "k8s.io/kubernetes/pkg/apis/certificates",
			"Comment": "v1.4.0-alpha.0-1247-g5e7c309",
			"Rev": "5e7c309b29280bef441800953a33a6468a0dc0c4"
		},
		{
			"ImportPath": "k8s.io/kubernetes/pkg/apis/certificates/install",
			"Comment": "v1.4.0-alpha.0-1247-g5e7c309",
			"Rev": "5e7c309b29280bef441800953a33a6468a0dc0c4"
		},
		{
			"ImportPath": "k8s.io/kubernetes/pkg/apis/certificates/v1alpha1",
			"Comment": "v1.4.0-alpha.0-1247-g5e7c309",
			"Rev": "5e7c309b29280bef441800953a33a6468a0dc0c4"
		},
		{
			"ImportPath": "k8s.io/kubernetes/pkg/apis/componentconfig",
			"Comment": "v1.4.0-alpha.0-1247-g5e7c309",
			"Rev": "5e7c309b29280bef441800953a33a6468a0dc0c4"
		},
		{
			"ImportPath": "k8s.io/kubernetes/pkg/apis/componentconfig/install",
			"Comment": "v1.4.0-alpha.0-1247-g5e7c309",
			"Rev": "5e7c309b29280bef441800953a33a6468a0dc0c4"
		},
		{
			"ImportPath": "k8s.io/kubernetes/pkg/apis/componentconfig/v1alpha1",
			"Comment": "v1.4.0-alpha.0-1247-g5e7c309",
			"Rev": "5e7c309b29280bef441800953a33a6468a0dc0c4"
		},
		{
			"ImportPath": "k8s.io/kubernetes/pkg/apis/extensions",
			"Comment": "v1.4.0-alpha.0-1247-g5e7c309",
			"Rev": "5e7c309b29280bef441800953a33a6468a0dc0c4"
		},
		{
			"ImportPath": "k8s.io/kubernetes/pkg/apis/extensions/install",
			"Comment": "v1.4.0-alpha.0-1247-g5e7c309",
			"Rev": "5e7c309b29280bef441800953a33a6468a0dc0c4"
		},
		{
			"ImportPath": "k8s.io/kubernetes/pkg/apis/extensions/v1beta1",
			"Comment": "v1.4.0-alpha.0-1247-g5e7c309",
			"Rev": "5e7c309b29280bef441800953a33a6468a0dc0c4"
		},
		{
			"ImportPath": "k8s.io/kubernetes/pkg/apis/extensions/validation",
			"Comment": "v1.4.0-alpha.0-1247-g5e7c309",
			"Rev": "5e7c309b29280bef441800953a33a6468a0dc0c4"
		},
		{
			"ImportPath": "k8s.io/kubernetes/pkg/apis/policy",
			"Comment": "v1.4.0-alpha.0-1247-g5e7c309",
			"Rev": "5e7c309b29280bef441800953a33a6468a0dc0c4"
		},
		{
			"ImportPath": "k8s.io/kubernetes/pkg/apis/policy/install",
			"Comment": "v1.4.0-alpha.0-1247-g5e7c309",
			"Rev": "5e7c309b29280bef441800953a33a6468a0dc0c4"
		},
		{
			"ImportPath": "k8s.io/kubernetes/pkg/apis/policy/v1alpha1",
			"Comment": "v1.4.0-alpha.0-1247-g5e7c309",
			"Rev": "5e7c309b29280bef441800953a33a6468a0dc0c4"
		},
		{
			"ImportPath": "k8s.io/kubernetes/pkg/apis/rbac",
			"Comment": "v1.4.0-alpha.0-1247-g5e7c309",
			"Rev": "5e7c309b29280bef441800953a33a6468a0dc0c4"
		},
		{
			"ImportPath": "k8s.io/kubernetes/pkg/apis/rbac/install",
			"Comment": "v1.4.0-alpha.0-1247-g5e7c309",
			"Rev": "5e7c309b29280bef441800953a33a6468a0dc0c4"
		},
		{
			"ImportPath": "k8s.io/kubernetes/pkg/apis/rbac/v1alpha1",
			"Comment": "v1.4.0-alpha.0-1247-g5e7c309",
			"Rev": "5e7c309b29280bef441800953a33a6468a0dc0c4"
		},
		{
			"ImportPath": "k8s.io/kubernetes/pkg/auth/user",
			"Comment": "v1.4.0-alpha.0-1247-g5e7c309",
			"Rev": "5e7c309b29280bef441800953a33a6468a0dc0c4"
		},
		{
			"ImportPath": "k8s.io/kubernetes/pkg/capabilities",
			"Comment": "v1.4.0-alpha.0-1247-g5e7c309",
			"Rev": "5e7c309b29280bef441800953a33a6468a0dc0c4"
		},
		{
			"ImportPath": "k8s.io/kubernetes/pkg/client/cache",
			"Comment": "v1.4.0-alpha.0-1247-g5e7c309",
			"Rev": "5e7c309b29280bef441800953a33a6468a0dc0c4"
		},
		{
			"ImportPath": "k8s.io/kubernetes/pkg/client/clientset_generated/internalclientset",
			"Comment": "v1.4.0-alpha.0-1247-g5e7c309",
			"Rev": "5e7c309b29280bef441800953a33a6468a0dc0c4"
		},
		{
			"ImportPath": "k8s.io/kubernetes/pkg/client/clientset_generated/internalclientset/typed/autoscaling/unversioned",
			"Comment": "v1.4.0-alpha.0-1247-g5e7c309",
			"Rev": "5e7c309b29280bef441800953a33a6468a0dc0c4"
		},
		{
			"ImportPath": "k8s.io/kubernetes/pkg/client/clientset_generated/internalclientset/typed/batch/unversioned",
			"Comment": "v1.4.0-alpha.0-1247-g5e7c309",
			"Rev": "5e7c309b29280bef441800953a33a6468a0dc0c4"
		},
		{
			"ImportPath": "k8s.io/kubernetes/pkg/client/clientset_generated/internalclientset/typed/certificates/unversioned",
			"Comment": "v1.4.0-alpha.0-1247-g5e7c309",
			"Rev": "5e7c309b29280bef441800953a33a6468a0dc0c4"
		},
		{
			"ImportPath": "k8s.io/kubernetes/pkg/client/clientset_generated/internalclientset/typed/core/unversioned",
			"Comment": "v1.4.0-alpha.0-1247-g5e7c309",
			"Rev": "5e7c309b29280bef441800953a33a6468a0dc0c4"
		},
		{
			"ImportPath": "k8s.io/kubernetes/pkg/client/clientset_generated/internalclientset/typed/extensions/unversioned",
			"Comment": "v1.4.0-alpha.0-1247-g5e7c309",
			"Rev": "5e7c309b29280bef441800953a33a6468a0dc0c4"
		},
		{
			"ImportPath": "k8s.io/kubernetes/pkg/client/clientset_generated/internalclientset/typed/rbac/unversioned",
			"Comment": "v1.4.0-alpha.0-1247-g5e7c309",
			"Rev": "5e7c309b29280bef441800953a33a6468a0dc0c4"
		},
		{
			"ImportPath": "k8s.io/kubernetes/pkg/client/leaderelection",
			"Comment": "v1.4.0-alpha.0-1247-g5e7c309",
			"Rev": "5e7c309b29280bef441800953a33a6468a0dc0c4"
		},
		{
			"ImportPath": "k8s.io/kubernetes/pkg/client/metrics",
			"Comment": "v1.4.0-alpha.0-1247-g5e7c309",
			"Rev": "5e7c309b29280bef441800953a33a6468a0dc0c4"
		},
		{
			"ImportPath": "k8s.io/kubernetes/pkg/client/record",
			"Comment": "v1.4.0-alpha.0-1247-g5e7c309",
			"Rev": "5e7c309b29280bef441800953a33a6468a0dc0c4"
		},
		{
			"ImportPath": "k8s.io/kubernetes/pkg/client/restclient",
			"Comment": "v1.4.0-alpha.0-1247-g5e7c309",
			"Rev": "5e7c309b29280bef441800953a33a6468a0dc0c4"
		},
		{
			"ImportPath": "k8s.io/kubernetes/pkg/client/transport",
			"Comment": "v1.4.0-alpha.0-1247-g5e7c309",
			"Rev": "5e7c309b29280bef441800953a33a6468a0dc0c4"
		},
		{
			"ImportPath": "k8s.io/kubernetes/pkg/client/typed/discovery",
			"Comment": "v1.4.0-alpha.0-1247-g5e7c309",
			"Rev": "5e7c309b29280bef441800953a33a6468a0dc0c4"
		},
		{
			"ImportPath": "k8s.io/kubernetes/pkg/client/unversioned",
			"Comment": "v1.4.0-alpha.0-1247-g5e7c309",
			"Rev": "5e7c309b29280bef441800953a33a6468a0dc0c4"
		},
		{
			"ImportPath": "k8s.io/kubernetes/pkg/client/unversioned/adapters/internalclientset",
			"Comment": "v1.4.0-alpha.0-1247-g5e7c309",
			"Rev": "5e7c309b29280bef441800953a33a6468a0dc0c4"
		},
		{
			"ImportPath": "k8s.io/kubernetes/pkg/client/unversioned/auth",
			"Comment": "v1.4.0-alpha.0-1247-g5e7c309",
			"Rev": "5e7c309b29280bef441800953a33a6468a0dc0c4"
		},
		{
			"ImportPath": "k8s.io/kubernetes/pkg/client/unversioned/clientcmd",
			"Comment": "v1.4.0-alpha.0-1247-g5e7c309",
			"Rev": "5e7c309b29280bef441800953a33a6468a0dc0c4"
		},
		{
			"ImportPath": "k8s.io/kubernetes/pkg/client/unversioned/clientcmd/api",
			"Comment": "v1.4.0-alpha.0-1247-g5e7c309",
			"Rev": "5e7c309b29280bef441800953a33a6468a0dc0c4"
		},
		{
			"ImportPath": "k8s.io/kubernetes/pkg/client/unversioned/clientcmd/api/latest",
			"Comment": "v1.4.0-alpha.0-1247-g5e7c309",
			"Rev": "5e7c309b29280bef441800953a33a6468a0dc0c4"
		},
		{
			"ImportPath": "k8s.io/kubernetes/pkg/client/unversioned/clientcmd/api/v1",
			"Comment": "v1.4.0-alpha.0-1247-g5e7c309",
			"Rev": "5e7c309b29280bef441800953a33a6468a0dc0c4"
		},
		{
			"ImportPath": "k8s.io/kubernetes/pkg/controller",
			"Comment": "v1.4.0-alpha.0-1247-g5e7c309",
			"Rev": "5e7c309b29280bef441800953a33a6468a0dc0c4"
		},
		{
			"ImportPath": "k8s.io/kubernetes/pkg/controller/framework",
			"Comment": "v1.4.0-alpha.0-1247-g5e7c309",
			"Rev": "5e7c309b29280bef441800953a33a6468a0dc0c4"
		},
		{
			"ImportPath": "k8s.io/kubernetes/pkg/conversion",
			"Comment": "v1.4.0-alpha.0-1247-g5e7c309",
			"Rev": "5e7c309b29280bef441800953a33a6468a0dc0c4"
		},
		{
			"ImportPath": "k8s.io/kubernetes/pkg/conversion/queryparams",
			"Comment": "v1.4.0-alpha.0-1247-g5e7c309",
			"Rev": "5e7c309b29280bef441800953a33a6468a0dc0c4"
		},
		{
			"ImportPath": "k8s.io/kubernetes/pkg/credentialprovider",
			"Comment": "v1.4.0-alpha.0-1247-g5e7c309",
			"Rev": "5e7c309b29280bef441800953a33a6468a0dc0c4"
		},
		{
			"ImportPath": "k8s.io/kubernetes/pkg/fieldpath",
			"Comment": "v1.4.0-alpha.0-1247-g5e7c309",
			"Rev": "5e7c309b29280bef441800953a33a6468a0dc0c4"
		},
		{
			"ImportPath": "k8s.io/kubernetes/pkg/fields",
			"Comment": "v1.4.0-alpha.0-1247-g5e7c309",
			"Rev": "5e7c309b29280bef441800953a33a6468a0dc0c4"
		},
		{
			"ImportPath": "k8s.io/kubernetes/pkg/kubectl",
			"Comment": "v1.4.0-alpha.0-1247-g5e7c309",
			"Rev": "5e7c309b29280bef441800953a33a6468a0dc0c4"
		},
		{
			"ImportPath": "k8s.io/kubernetes/pkg/kubectl/cmd/util",
			"Comment": "v1.4.0-alpha.0-1247-g5e7c309",
			"Rev": "5e7c309b29280bef441800953a33a6468a0dc0c4"
		},
		{
			"ImportPath": "k8s.io/kubernetes/pkg/kubectl/resource",
			"Comment": "v1.4.0-alpha.0-1247-g5e7c309",
			"Rev": "5e7c309b29280bef441800953a33a6468a0dc0c4"
		},
		{
			"ImportPath": "k8s.io/kubernetes/pkg/kubelet/qos",
			"Comment": "v1.4.0-alpha.0-1247-g5e7c309",
			"Rev": "5e7c309b29280bef441800953a33a6468a0dc0c4"
		},
		{
			"ImportPath": "k8s.io/kubernetes/pkg/labels",
			"Comment": "v1.4.0-alpha.0-1247-g5e7c309",
			"Rev": "5e7c309b29280bef441800953a33a6468a0dc0c4"
		},
		{
			"ImportPath": "k8s.io/kubernetes/pkg/master/ports",
			"Comment": "v1.4.0-alpha.0-1247-g5e7c309",
			"Rev": "5e7c309b29280bef441800953a33a6468a0dc0c4"
		},
		{
			"ImportPath": "k8s.io/kubernetes/pkg/registry/generic",
			"Comment": "v1.4.0-alpha.0-1247-g5e7c309",
			"Rev": "5e7c309b29280bef441800953a33a6468a0dc0c4"
		},
		{
			"ImportPath": "k8s.io/kubernetes/pkg/registry/thirdpartyresourcedata",
			"Comment": "v1.4.0-alpha.0-1247-g5e7c309",
			"Rev": "5e7c309b29280bef441800953a33a6468a0dc0c4"
		},
		{
			"ImportPath": "k8s.io/kubernetes/pkg/runtime",
			"Comment": "v1.4.0-alpha.0-1247-g5e7c309",
			"Rev": "5e7c309b29280bef441800953a33a6468a0dc0c4"
		},
		{
			"ImportPath": "k8s.io/kubernetes/pkg/runtime/serializer",
			"Comment": "v1.4.0-alpha.0-1247-g5e7c309",
			"Rev": "5e7c309b29280bef441800953a33a6468a0dc0c4"
		},
		{
			"ImportPath": "k8s.io/kubernetes/pkg/runtime/serializer/json",
			"Comment": "v1.4.0-alpha.0-1247-g5e7c309",
			"Rev": "5e7c309b29280bef441800953a33a6468a0dc0c4"
		},
		{
			"ImportPath": "k8s.io/kubernetes/pkg/runtime/serializer/protobuf",
			"Comment": "v1.4.0-alpha.0-1247-g5e7c309",
			"Rev": "5e7c309b29280bef441800953a33a6468a0dc0c4"
		},
		{
			"ImportPath": "k8s.io/kubernetes/pkg/runtime/serializer/recognizer",
			"Comment": "v1.4.0-alpha.0-1247-g5e7c309",
			"Rev": "5e7c309b29280bef441800953a33a6468a0dc0c4"
		},
		{
			"ImportPath": "k8s.io/kubernetes/pkg/runtime/serializer/streaming",
			"Comment": "v1.4.0-alpha.0-1247-g5e7c309",
			"Rev": "5e7c309b29280bef441800953a33a6468a0dc0c4"
		},
		{
			"ImportPath": "k8s.io/kubernetes/pkg/runtime/serializer/versioning",
			"Comment": "v1.4.0-alpha.0-1247-g5e7c309",
			"Rev": "5e7c309b29280bef441800953a33a6468a0dc0c4"
		},
		{
			"ImportPath": "k8s.io/kubernetes/pkg/security/podsecuritypolicy/util",
			"Comment": "v1.4.0-alpha.0-1247-g5e7c309",
			"Rev": "5e7c309b29280bef441800953a33a6468a0dc0c4"
		},
		{
			"ImportPath": "k8s.io/kubernetes/pkg/storage",
			"Comment": "v1.4.0-alpha.0-1247-g5e7c309",
			"Rev": "5e7c309b29280bef441800953a33a6468a0dc0c4"
		},
		{
			"ImportPath": "k8s.io/kubernetes/pkg/types",
			"Comment": "v1.4.0-alpha.0-1247-g5e7c309",
			"Rev": "5e7c309b29280bef441800953a33a6468a0dc0c4"
		},
		{
			"ImportPath": "k8s.io/kubernetes/pkg/util",
			"Comment": "v1.4.0-alpha.0-1247-g5e7c309",
			"Rev": "5e7c309b29280bef441800953a33a6468a0dc0c4"
		},
		{
			"ImportPath": "k8s.io/kubernetes/pkg/util/crypto",
			"Comment": "v1.4.0-alpha.0-1247-g5e7c309",
			"Rev": "5e7c309b29280bef441800953a33a6468a0dc0c4"
		},
		{
			"ImportPath": "k8s.io/kubernetes/pkg/util/deployment",
			"Comment": "v1.4.0-alpha.0-1247-g5e7c309",
			"Rev": "5e7c309b29280bef441800953a33a6468a0dc0c4"
		},
		{
			"ImportPath": "k8s.io/kubernetes/pkg/util/errors",
			"Comment": "v1.4.0-alpha.0-1247-g5e7c309",
			"Rev": "5e7c309b29280bef441800953a33a6468a0dc0c4"
		},
		{
			"ImportPath": "k8s.io/kubernetes/pkg/util/flag",
			"Comment": "v1.4.0-alpha.0-1247-g5e7c309",
			"Rev": "5e7c309b29280bef441800953a33a6468a0dc0c4"
		},
		{
			"ImportPath": "k8s.io/kubernetes/pkg/util/flowcontrol",
			"Comment": "v1.4.0-alpha.0-1247-g5e7c309",
			"Rev": "5e7c309b29280bef441800953a33a6468a0dc0c4"
		},
		{
			"ImportPath": "k8s.io/kubernetes/pkg/util/framer",
			"Comment": "v1.4.0-alpha.0-1247-g5e7c309",
			"Rev": "5e7c309b29280bef441800953a33a6468a0dc0c4"
		},
		{
			"ImportPath": "k8s.io/kubernetes/pkg/util/hash",
			"Comment": "v1.4.0-alpha.0-1247-g5e7c309",
			"Rev": "5e7c309b29280bef441800953a33a6468a0dc0c4"
		},
		{
			"ImportPath": "k8s.io/kubernetes/pkg/util/homedir",
			"Comment": "v1.4.0-alpha.0-1247-g5e7c309",
			"Rev": "5e7c309b29280bef441800953a33a6468a0dc0c4"
		},
		{
			"ImportPath": "k8s.io/kubernetes/pkg/util/integer",
			"Comment": "v1.4.0-alpha.0-1247-g5e7c309",
			"Rev": "5e7c309b29280bef441800953a33a6468a0dc0c4"
		},
		{
			"ImportPath": "k8s.io/kubernetes/pkg/util/intstr",
			"Comment": "v1.4.0-alpha.0-1247-g5e7c309",
			"Rev": "5e7c309b29280bef441800953a33a6468a0dc0c4"
		},
		{
			"ImportPath": "k8s.io/kubernetes/pkg/util/json",
			"Comment": "v1.4.0-alpha.0-1247-g5e7c309",
			"Rev": "5e7c309b29280bef441800953a33a6468a0dc0c4"
		},
		{
			"ImportPath": "k8s.io/kubernetes/pkg/util/jsonpath",
			"Comment": "v1.4.0-alpha.0-1247-g5e7c309",
			"Rev": "5e7c309b29280bef441800953a33a6468a0dc0c4"
		},
		{
			"ImportPath": "k8s.io/kubernetes/pkg/util/labels",
			"Comment": "v1.4.0-alpha.0-1247-g5e7c309",
			"Rev": "5e7c309b29280bef441800953a33a6468a0dc0c4"
		},
		{
			"ImportPath": "k8s.io/kubernetes/pkg/util/net",
			"Comment": "v1.4.0-alpha.0-1247-g5e7c309",
			"Rev": "5e7c309b29280bef441800953a33a6468a0dc0c4"
		},
		{
			"ImportPath": "k8s.io/kubernetes/pkg/util/net/sets",
			"Comment": "v1.4.0-alpha.0-1247-g5e7c309",
			"Rev": "5e7c309b29280bef441800953a33a6468a0dc0c4"
		},
		{
			"ImportPath": "k8s.io/kubernetes/pkg/util/parsers",
			"Comment": "v1.4.0-alpha.0-1247-g5e7c309",
			"Rev": "5e7c309b29280bef441800953a33a6468a0dc0c4"
		},
		{
			"ImportPath": "k8s.io/kubernetes/pkg/util/pod",
			"Comment": "v1.4.0-alpha.0-1247-g5e7c309",
			"Rev": "5e7c309b29280bef441800953a33a6468a0dc0c4"
		},
		{
			"ImportPath": "k8s.io/kubernetes/pkg/util/rand",
			"Comment": "v1.4.0-alpha.0-1247-g5e7c309",
			"Rev": "5e7c309b29280bef441800953a33a6468a0dc0c4"
		},
		{
			"ImportPath": "k8s.io/kubernetes/pkg/util/replicaset",
			"Comment": "v1.4.0-alpha.0-1247-g5e7c309",
			"Rev": "5e7c309b29280bef441800953a33a6468a0dc0c4"
		},
		{
			"ImportPath": "k8s.io/kubernetes/pkg/util/runtime",
			"Comment": "v1.4.0-alpha.0-1247-g5e7c309",
			"Rev": "5e7c309b29280bef441800953a33a6468a0dc0c4"
		},
		{
			"ImportPath": "k8s.io/kubernetes/pkg/util/sets",
			"Comment": "v1.4.0-alpha.0-1247-g5e7c309",
			"Rev": "5e7c309b29280bef441800953a33a6468a0dc0c4"
		},
		{
			"ImportPath": "k8s.io/kubernetes/pkg/util/slice",
			"Comment": "v1.4.0-alpha.0-1247-g5e7c309",
			"Rev": "5e7c309b29280bef441800953a33a6468a0dc0c4"
		},
		{
			"ImportPath": "k8s.io/kubernetes/pkg/util/strategicpatch",
			"Comment": "v1.4.0-alpha.0-1247-g5e7c309",
			"Rev": "5e7c309b29280bef441800953a33a6468a0dc0c4"
		},
		{
			"ImportPath": "k8s.io/kubernetes/pkg/util/validation",
			"Comment": "v1.4.0-alpha.0-1247-g5e7c309",
			"Rev": "5e7c309b29280bef441800953a33a6468a0dc0c4"
		},
		{
			"ImportPath": "k8s.io/kubernetes/pkg/util/validation/field",
			"Comment": "v1.4.0-alpha.0-1247-g5e7c309",
			"Rev": "5e7c309b29280bef441800953a33a6468a0dc0c4"
		},
		{
			"ImportPath": "k8s.io/kubernetes/pkg/util/wait",
			"Comment": "v1.4.0-alpha.0-1247-g5e7c309",
			"Rev": "5e7c309b29280bef441800953a33a6468a0dc0c4"
		},
		{
			"ImportPath": "k8s.io/kubernetes/pkg/util/yaml",
			"Comment": "v1.4.0-alpha.0-1247-g5e7c309",
			"Rev": "5e7c309b29280bef441800953a33a6468a0dc0c4"
		},
		{
			"ImportPath": "k8s.io/kubernetes/pkg/version",
			"Comment": "v1.4.0-alpha.0-1247-g5e7c309",
			"Rev": "5e7c309b29280bef441800953a33a6468a0dc0c4"
		},
		{
			"ImportPath": "k8s.io/kubernetes/pkg/watch",
			"Comment": "v1.4.0-alpha.0-1247-g5e7c309",
			"Rev": "5e7c309b29280bef441800953a33a6468a0dc0c4"
		},
		{
			"ImportPath": "k8s.io/kubernetes/pkg/watch/versioned",
			"Comment": "v1.4.0-alpha.0-1247-g5e7c309",
			"Rev": "5e7c309b29280bef441800953a33a6468a0dc0c4"
		},
		{
			"ImportPath": "k8s.io/kubernetes/plugin/pkg/client/auth",
			"Comment": "v1.4.0-alpha.0-1247-g5e7c309",
			"Rev": "5e7c309b29280bef441800953a33a6468a0dc0c4"
		},
		{
			"ImportPath": "k8s.io/kubernetes/plugin/pkg/client/auth/gcp",
			"Comment": "v1.4.0-alpha.0-1247-g5e7c309",
			"Rev": "5e7c309b29280bef441800953a33a6468a0dc0c4"
		},
		{
			"ImportPath": "k8s.io/kubernetes/plugin/pkg/client/auth/oidc",
			"Comment": "v1.4.0-alpha.0-1247-g5e7c309",
			"Rev": "5e7c309b29280bef441800953a33a6468a0dc0c4"
		},
		{
			"ImportPath": "k8s.io/kubernetes/third_party/forked/json",
			"Comment": "v1.4.0-alpha.0-1247-g5e7c309",
			"Rev": "5e7c309b29280bef441800953a33a6468a0dc0c4"
		},
		{
			"ImportPath": "k8s.io/kubernetes/third_party/forked/reflect",
			"Comment": "v1.4.0-alpha.0-1247-g5e7c309",
			"Rev": "5e7c309b29280bef441800953a33a6468a0dc0c4"
		},
		{
			"ImportPath": "k8s.io/kubernetes/third_party/golang/template",
			"Comment": "v1.4.0-alpha.0-1247-g5e7c309",
			"Rev": "5e7c309b29280bef441800953a33a6468a0dc0c4"
		}
	]
}
