{
	"ImportPath": "k8s.io/contrib/release-notes",
	"GoVersion": "go1.5",
	"Packages": [
		"./..."
	],
	"Deps": [
		{
			"ImportPath": "github.com/google/go-github/github",
			"Rev": "63fbbb283ce4913a5ac1b6de7abae50dbf594a04"
		},
		{
			"ImportPath": "github.com/google/go-querystring/query",
			"Rev": "547ef5ac979778feb2f760cdb5f4eae1a2207b86"
		},
		{
			"ImportPath": "github.com/spf13/pflag",
			"Rev": "b084184666e02084b8ccb9b704bf0d79c466eb1d"
		},
		{
			"ImportPath": "golang.org/x/net/context",
			"Rev": "c2528b2dd8352441850638a8bb678c2ad056fd3e"
		},
		{
			"ImportPath": "golang.org/x/oauth2",
			"Rev": "b5adcc2dcdf009d0391547edc6ecbaff889f5bb9"
		}
	]
}
